{
  "meal_normal": {
    "alpha": 0.05,
    "beta": 39.60,
    "gamma": 0.50,
    "K": 250.00,
    "Gb": 5.11,
    "Sb": 34.00,
    "k1": 0.00025,
    "k2": 0.0001,
    "sigma_State": 1.00,
    "G_0": 5.11,
    "State_0": [5.11, 0.00, 25.00]
  },
  "meal_t2d": {
    "alpha": 0.013,
    "beta": 22.50,
    "gamma": 0.50,
    "K": 10.00,
    "Gb": 9.17,
    "Sb": 102.50,
    "k1": 0.0001,
    "k2": 0.00001,
    "sigma_State": 1.00,
    "G_0": 9.17,
    "State_0": [9.17, 0.00, 52.00]
  },
  "spt": {
    "k": 15.00,
    "Npatch": 6.00,
    "Nisg": 300.00,
    "Ninsulin": 1.8e-6,
    "Disg": 3.2e-3,
    "Rpbc": 6.00,
    "sigma_S": 3.40,
    "sigma_I": 2.50,
    "S_0": 34.00,
    "I_0": 25.00
  },
  "net": {
    "PFK_activity": 0.65,
    "GLP1_activity": 12.50,
    "sigma_ATP": 0.33,
    "sigma_cAMP": 0.01,
    "sigma_GLP1": 1.00,
    "sigma_GLP1R": 0.01,
    "sigma_Ca": 0.01,
    "sigma_S": 3.40,
    "sigma_I": 2.50,
    "ATP_0": 3.30,
    "GLP1_0": 12.50,
    "cAMP_0": 1.3e-3,
    "Ca_0": 1e-4,
    "I_0": 25.00
  },
  "vs": {
    "analog_z_score": 0.50,
    "sigma_analog_conc": 0.01,
    "analog_conc_0": 1.00,
    "GLP1R_0": 1.00,
    "sigma_GLP1R": 0.01
  }
}